{
  "app\\ui\\list_view.py": 1773873774.8210008,
  "app\\ui\\list_view_image_loader.py": 1773873789.079946,
  "app\\ui\\messages.py": 1775589375.7465382,
  "app\\ui\\search_replace_panel.py": 1772457391.9510105,
  "app\\ui\\splash_screen.py": 1772457391.953395,
  "app\\ui\\startup_home.py": 1772457391.953395,
  "app\\ui\\title_bar.py": 1772457391.953395,
  "app\\ui\\__init__.py": 1772457391.9345906,
  "app\\ui\\canvas\\drawing_manager.py": 1776013156.3896153,
  "app\\ui\\canvas\\event_handler.py": 1775660777.9791038,
  "app\\ui\\canvas\\image_viewer.py": 1776208736.9702504,
  "app\\ui\\canvas\\interaction_manager.py": 1775749317.7618444,
  "app\\ui\\canvas\\rectangle.py": 1776089103.6984873,
  "app\\ui\\canvas\\rotate_cursor.py": 1772457391.9360063,
  "app\\ui\\canvas\\save_renderer.py": 1776208736.9702504,
  "app\\ui\\canvas\\text_item.py": 1776011635.2811534,
  "app\\ui\\canvas\\text\\metrics.py": 1775685118.9360428,
  "app\\ui\\canvas\\text\\text_item_properties.py": 1776011618.648845,
  "app\\ui\\canvas\\text\\vertical_layout.py": 1775685121.5114703,
  "app\\ui\\canvas\\webtoons\\coordinate_converter.py": 1776016373.1578102,
  "app\\ui\\canvas\\webtoons\\image_loader.py": 1775472579.4695036,
  "app\\ui\\canvas\\webtoons\\webtoon_layout_manager.py": 1772457391.9390101,
  "app\\ui\\canvas\\webtoons\\webtoon_manager.py": 1776090635.7494698,
  "app\\ui\\canvas\\webtoons\\scene_items\\brush_stroke_manager.py": 1772457391.937011,
  "app\\ui\\canvas\\webtoons\\scene_items\\patch_manager.py": 1772457391.938011,
  "app\\ui\\canvas\\webtoons\\scene_items\\rectangle_manager.py": 1776016368.672452,
  "app\\ui\\canvas\\webtoons\\scene_items\\scene_item_manager.py": 1772457391.938011,
  "app\\ui\\canvas\\webtoons\\scene_items\\text_block_manager.py": 1776012970.866202,
  "app\\ui\\canvas\\webtoons\\scene_items\\text_item_manager.py": 1772457391.938011,
  "app\\ui\\commands\\base.py": 1776340608.8268168,
  "app\\ui\\commands\\box.py": 1776023002.005008,
  "app\\ui\\commands\\brush.py": 1773874763.3038766,
  "app\\ui\\commands\\image.py": 1772457391.940011,
  "app\\ui\\commands\\inpaint.py": 1776022743.455115,
  "app\\ui\\commands\\textformat.py": 1775577112.1080706,
  "app\\ui\\commands\\text_edit.py": 1772457391.940011,
  "app\\ui\\dayu_widgets\\alert.py": 1772457391.9410112,
  "app\\ui\\dayu_widgets\\avatar.py": 1772457391.9410112,
  "app\\ui\\dayu_widgets\\badge.py": 1772457391.9410112,
  "app\\ui\\dayu_widgets\\breadcrumb.py": 1772457391.9410112,
  "app\\ui\\dayu_widgets\\browser.py": 1772457391.9410112,
  "app\\ui\\dayu_widgets\\button_group.py": 1772457391.9420104,
  "app\\ui\\dayu_widgets\\card.py": 1772457391.9420104,
  "app\\ui\\dayu_widgets\\carousel.py": 1772457391.9420104,
  "app\\ui\\dayu_widgets\\check_box.py": 1772457391.9420104,
  "app\\ui\\dayu_widgets\\clickable_card.py": 1772457391.9420104,
  "app\\ui\\dayu_widgets\\collapse.py": 1772457391.9420104,
  "app\\ui\\dayu_widgets\\color_palette.py": 1772457391.9430108,
  "app\\ui\\dayu_widgets\\combo_box.py": 1772882425.504332,
  "app\\ui\\dayu_widgets\\completer.py": 1772457391.9430108,
  "app\\ui\\dayu_widgets\\db_path_buttons.py": 1772457391.9430108,
  "app\\ui\\dayu_widgets\\divider.py": 1772457391.9430108,
  "app\\ui\\dayu_widgets\\dock_widget.py": 1772457391.9430108,
  "app\\ui\\dayu_widgets\\drawer.py": 1772457391.9430108,
  "app\\ui\\dayu_widgets\\expanding_text_edit.py": 1772457391.9440105,
  "app\\ui\\dayu_widgets\\field_mixin.py": 1772457391.9440105,
  "app\\ui\\dayu_widgets\\flow_layout.py": 1772457391.9440105,
  "app\\ui\\dayu_widgets\\form.py": 1772457391.9440105,
  "app\\ui\\dayu_widgets\\header_view.py": 1772457391.9440105,
  "app\\ui\\dayu_widgets\\item_model.py": 1772457391.9440105,
  "app\\ui\\dayu_widgets\\item_view.py": 1772457391.9440105,
  "app\\ui\\dayu_widgets\\item_view_full_set.py": 1772457391.9450104,
  "app\\ui\\dayu_widgets\\item_view_set.py": 1772457391.9450104,
  "app\\ui\\dayu_widgets\\label.py": 1772457391.9450104,
  "app\\ui\\dayu_widgets\\line_edit.py": 1772457391.9450104,
  "app\\ui\\dayu_widgets\\line_tab_widget.py": 1772457391.9450104,
  "app\\ui\\dayu_widgets\\loading.py": 1772457391.9450104,
  "app\\ui\\dayu_widgets\\menu.py": 1772457391.9460106,
  "app\\ui\\dayu_widgets\\menu_tab_widget.py": 1772457391.9460106,
  "app\\ui\\dayu_widgets\\message.py": 1773001444.0751388,
  "app\\ui\\dayu_widgets\\mixin.py": 1772457391.9460106,
  "app\\ui\\dayu_widgets\\page.py": 1772457391.9460106,
  "app\\ui\\dayu_widgets\\popup.py": 1772457391.9460106,
  "app\\ui\\dayu_widgets\\progress_bar.py": 1772457391.9470103,
  "app\\ui\\dayu_widgets\\progress_circle.py": 1772457391.9470103,
  "app\\ui\\dayu_widgets\\push_button.py": 1772457391.9470103,
  "app\\ui\\dayu_widgets\\radio_button.py": 1772457391.9470103,
  "app\\ui\\dayu_widgets\\slider.py": 1772457391.9470103,
  "app\\ui\\dayu_widgets\\spin_box.py": 1772457391.9470103,
  "app\\ui\\dayu_widgets\\splitter.py": 1772457391.9480102,
  "app\\ui\\dayu_widgets\\stacked_widget.py": 1772457391.9480102,
  "app\\ui\\dayu_widgets\\switch.py": 1772457391.9480102,
  "app\\ui\\dayu_widgets\\tab_widget.py": 1772457391.9480102,
  "app\\ui\\dayu_widgets\\text_edit.py": 1772457391.9480102,
  "app\\ui\\dayu_widgets\\theme.py": 1772457391.9480102,
  "app\\ui\\dayu_widgets\\toast.py": 1772457391.9480102,
  "app\\ui\\dayu_widgets\\tool_button.py": 1772883110.5665085,
  "app\\ui\\dayu_widgets\\utils.py": 1772457391.9490106,
  "app\\ui\\dayu_widgets\\__init__.py": 1772457391.9410112,
  "app\\ui\\dayu_widgets\\__version__.py": 1772457391.9410112,
  "app\\ui\\dayu_widgets\\qt\\__init__.py": 1772457391.9470103,
  "app\\ui\\main_window\\constants.py": 1776343573.7122555,
  "app\\ui\\main_window\\frame.py": 1772457391.95001,
  "app\\ui\\main_window\\fullscreen_preview.py": 1774741619.3121436,
  "app\\ui\\main_window\\tools.py": 1772457391.95001,
  "app\\ui\\main_window\\window.py": 1776343589.8820143,
  "app\\ui\\main_window\\__init__.py": 1772457391.9490106,
  "app\\ui\\main_window\\builders\\nav.py": 1772457391.95001,
  "app\\ui\\main_window\\builders\\workspace.py": 1776343584.5690236,
  "app\\ui\\main_window\\builders\\__init__.py": 1772457391.9490106,
  "app\\ui\\settings\\about_page.py": 1772457391.9510105,
  "app\\ui\\settings\\account_page.py": 1772457391.9510105,
  "app\\ui\\settings\\export_page.py": 1772978646.4889023,
  "app\\ui\\settings\\llms_page.py": 1772457391.9520102,
  "app\\ui\\settings\\personalization_page.py": 1772457391.9523904,
  "app\\ui\\settings\\project_page.py": 1772457391.9523904,
  "app\\ui\\settings\\settings_page.py": 1776343648.6392682,
  "app\\ui\\settings\\settings_ui.py": 1776343638.153305,
  "app\\ui\\settings\\text_rendering_page.py": 1772457391.9523904,
  "app\\ui\\settings\\tools_page.py": 1776343627.4174728,
  "app\\ui\\settings\\utils.py": 1772457391.953395
}