{
  "batch_execution_mixin.py": 1776343613.5403087,
  "batch_processor.py": 1776150570.7448003,
  "batch_render_mixin.py": 1776339736.1856353,
  "batch_state_mixin.py": 1776147943.3091202,
  "block_detection.py": 1776205790.582618,
  "cache_manager.py": 1776343013.5820587,
  "inpainting.py": 1776342075.1331797,
  "invalidation_policy.py": 1776148097.8366122,
  "main_pipeline.py": 1772990626.3785164,
  "ocr_handler.py": 1776343606.7368546,
  "page_state.py": 1776115960.9791794,
  "render_state.py": 1776114952.2050364,
  "segmentation_handler.py": 1776340586.8678927,
  "stage_state.py": 1776114569.6528702,
  "translation_handler.py": 1776024604.9505742,
  "virtual_page.py": 1772457391.974927,
  "webtoon_utils.py": 1776340682.1475863,
  "__init__.py": 1772457391.9739273,
  "webtoon_batch\\chunk_image_mixin.py": 1776154316.3368642,
  "webtoon_batch\\chunk_mapping_mixin.py": 1776152338.1026084,
  "webtoon_batch\\chunk_pipeline_phase_mixin.py": 1776154316.3368642,
  "webtoon_batch\\chunk_processing_mixin.py": 1776154343.24164,
  "webtoon_batch\\dedupe.py": 1772457391.9759269,
  "webtoon_batch\\finalize.py": 1776151643.588978,
  "webtoon_batch\\flow.py": 1776151687.318591,
  "webtoon_batch\\planning_layout_mixin.py": 1776154447.7488284,
  "webtoon_batch\\planning_pair_mixin.py": 1776154523.4232388,
  "webtoon_batch\\processor.py": 1776168643.574619,
  "webtoon_batch\\render_emit_mixin.py": 1776339736.1866357,
  "webtoon_batch\\render_export_mixin.py": 1776152233.2894511,
  "webtoon_batch\\render_page_prepare_mixin.py": 1776154588.0781114,
  "webtoon_batch\\__init__.py": 1772457391.974927
}