{
  "feature_names": [
    "mean_luminance",
    "luminance_std",
    "luminance_range",
    "mean_saturation",
    "mean_value",
    "edge_strength"
  ],
  "feature_mean": [
    0.4981488883495331,
    0.05038343742489815,
    0.24180543422698975,
    0.6719197630882263,
    0.7437218427658081,
    0.02347128465771675
  ],
  "feature_std": [
    0.22181932628154755,
    0.028712477535009384,
    0.1455061137676239,
    0.23316322267055511,
    0.1962433159351349,
    0.013985944911837578
  ],
  "weights": [
    -2.9153926372528076,
    -0.10691890865564346,
    -0.13241291046142578,
    0.83130943775177,
    -0.5486397743225098,
    -0.14494483172893524
  ],
  "bias": -5.784663211969948,
  "metadata": {
    "samples": 6000,
    "epochs": 2500,
    "learning_rate": 0.1
  }
}